0,1,2,3
150311,4901750227104,スコッティ フラワーパック 2倍巻き(6ロールで12ロール分) トイレット 50mダブル,374
150311,4902011884692,エリス Megami 素肌のきもち ふんわり 羽つき 23cm (多い昼) 22枚入,170
150293,4902431060409,宝幸 日本のさば（水煮）190ｇ,191
150293,4936790526306,富永 いわし 煮つけ 缶詰 140g  [ 国内加工 化学調味料不使用 DHA EPA 含有],162
150293,4902105258309,日清食品 江戸そば 75g,124
150293,4902105261361,日清 ラ王 背脂醤油 112g ,227
150293,4987035223818,大塚製薬 ポカリスエット イオンウォーター 500ml,116
150293,4987035332510,大塚製薬 ポカリスエット 900ml,148
150293,4987035266617,大塚製薬 ソイジョイ クリスピー ホワイトマカダミア 25g,96
150293,4987035555919,大塚製薬 ソイジョイ アーモンド&チョコレート 30g,96
150311,4978462557577,森を守ろう! トイレットペーパー ダブル ２７．５m １２ロール,446
150311,4978462556518,森を守ろう! トイレットペーパー シングル ５５m １２ロール,446
150293,4909411028404,小岩井 無添加野菜 31種の野菜100% 缶 190g,69
150293,4901085183885,伊藤園 大納言しるこ (缶) 185g,93
150293,4903020009991,ヤガイ お徳用カルパス 140g,333
150293,4901901575191,マルハニチロ 機能性表示食品 減塩 さんま蒲焼 100g ,236
150293,4902397840602,マースジャパン スニッカーズ ピーナッツシングル 1本,127
150293,4902885000686,ペヤング ソースやきそば 120g,161
150293,4901777337794,サントリー コーヒー ボス 贅沢微糖 185g,79
150293,4901777235298,サントリー コーヒー ボス レインボーマウンテンブレンド 185g,79
150293,4901777300521,サントリー コーヒー クラフトボス 無糖ブラック 500ml,109
150293,4901777336704,サントリー GREEN DA・KA・RA(グリーンダカラ) 600ml,85
150293,4909411069117,キリン 生茶 お茶 2L PET,163
150293,4909411073114,キリン トロピカーナ 100%オレンジ PET330ml,101
150293,4901306075517,カゴメ 野菜生活100 ベリーサラダ 200ml,78
150293,4901306244067,カゴメ 野菜生活100 オリジナル 200ml,75
150293,4571157258102,オリヒロ ぷるんと蒟蒻ゼリー カロリーゼロ 白桃 130g,128
150311,4902011880502,エリス 新・素肌感 羽つき 20.5cm (ふつう~多い日の昼) 22枚,162
150293,4514603263213,アサヒ飲料 三ツ矢サイダー ピュアボトル 500ml,89
150293,4514603392302,アサヒ飲料 「ドトール」 カフェ・オ・レ 480ml ,104
150311,4901301262875,ロリエ エフ しあわせ素肌 多い夜用 羽つき 30cm 10コ入,304
150311,4901750404659,クリネックス ティシュー 360枚(180組) 5箱,396
150293,4930726100219,キッコーマン 調製豆乳 SOYMILK DAYS 200ml,81
150293,4514603405712,アサヒ飲料 十六茶 お茶 2L,183
150293,4902105022122,日清食品 焼そばU.F.O. 128g,182
150293,4902930040001,ばら印の白砂糖 大日本明治製糖 1kg,291
150293,4902102072625,コカ・コーラ 500mlPET,62
150293,4909411084622,キリン 生茶 お茶 525mlPET,65
150311,4902011887495,エリス Megami 素肌のきもち 超スリム 羽つき 23cm (多い昼) 20枚入,530
150311,4902011884722,エリス Megami 素肌のきもち スリム 羽つき 36cm (特に多い夜) 9枚入,566
150293,4514603360912,アサヒ飲料 ワンダ 金の微糖 185g,48
150293,4901201231940,UCC ブラック無糖 コーヒー 缶コーヒー185ml,46
150311,4901301336989,アタック 抗菌EX スーパークリアジェル 洗濯洗剤 液体 詰替用 大容量 1.35kg,384
150293,4902102032049,コカ・コーラ 森の水だより 日本アルプス ペットボトル 2L,175
150311,4902011880533,エリス 新・素肌感 多い日の夜用 羽つき １０枚,310
150293,4903326112173,リスカ しっとりチョコ 80g,108
150293,4903326112197,リスカ しっとりいちご 70g,88
150311,4580287284585,エコクラブ トイレットペーパー ダブル50m 12ロール ,746
150311,4901301382382,ロリエ デオプラス 25cm羽つき 16コ入,298
150293,4903020009991,訳あり お徳用 大人カルパス（ドライソーセージ・燻製仕上げ） 140g,335
150293,4901001105014,味の素 ほんだし 26本入,504
150311,4901750412555,日本製紙クレシア スコッティ (SCOTTIE) ティッシュペーパー フラワーボックス 320枚(160組)5箱,372
150293,4970111270349,炭酸水 ZAO SODA 強炭酸水 500ml (プレーン),48
150293,4901313932872,亀田製菓 通の焼き海老 70g,155
150293,4901313932889,亀田製菓 通のえだ豆 70g,200
150293,4901313066898,亀田製菓 技のこだ割り 120g,267
150293,4901313932261,亀田製菓 しゃり蔵 ,206
150293,4901075012973,越後製菓 海老しお焼き 14g×4袋,227
150293,4903020000455,ヤガイ おやつカルパス 50本入り,476
150311,4901301258373,メンズビオレ 泡タイプオイルクリア洗顔 本体 150ml,364
150311,4987067827008,ホッカイロ 貼る レギュラー,637
150311,4901872837144,フィーノ(fino) フィーノ プレミアムタッチ 浸透美容液ヘアマスク 230g,833
150293,4902402844236,ハウス 完熟トマトのハヤシライスソース 92g,153
150293,4902402853900,ハウス バーモントカレー 甘口 230g,228
150311,4964596457821,なめらか本舗 化粧水NA 200ml,627
150311,4964596485794,なめらか本舗 リンクルアイクリームＮ,747
150311,4964596415906,なめらか本舗 しっとりクレンジング洗顔 150g,539
150293,4901777363670,スターバックス ブラックコーヒーショット 165g ,130
150293,4909411062729,キリン 午後の紅茶 レモンティー 500ml PET ,86
150293,4909411076610,キリン 午後の紅茶 ストレートティー 500ml PET ,85
150311,4987176062253,アリエール 洗濯洗剤 ジェルボール4D 部屋干し用 詰め替え 超メガジャンボサイズ 86個,1684
150311,4901730150750,Neutrogena(ニュートロジーナ) ノルウェーフォーミュラ インテンスリペア ハンドクリーム 超乾燥肌用 無香料 単品 50g ,373
150293,4902888726842,inバー プロテイン グラノーラ フルーツの入ったザクザク食感グラノーラ 高タンパク10g 低脂肪 植物性プロテイン 鉄分 プロテインの働き強めるEルチン配合,120
150311,4902111768434,Dove(ダヴ) 泡ハンドウォッシュ ピーチ&リリー 詰替え用 430mL,229
150311,4902111736679,Dove(ダヴ) ディープピュア洗顔料 130g,284
150311,4902111736662,Dove(ダヴ) センシティブマイルド洗顔料 130g,284
150311,4902111736686,Dove(ダヴ) クリアリニュー 角質 くすみ トーンアップ 洗顔料 130g  やさしいフローラルの香り,284
150311,4987241105106,メンソレータム 薬用リップスティック XD2個組 ,235
150311,4901301257765,【泡洗顔】ビオレ マシュマロホイップ リッチモイスチャー本体 150ml,436
150311,4901301250162,【泡洗顔】ビオレ マシュマロホイップ モイスチャー 本体 150ml,436
150311,4987241148387,【医薬部外品】メンソレータム ディープモイスト リップスティック メントール 4.5g,336
150311,4987067465309,新ぬくぬく当番貼らないレギュラー ,560
150311,4901301378422,ロリエ しあわせ素肌 特に多い昼用 羽つき 25cm 17コ入 ,304
150311,4901301282408,ロリエ しあわせ素肌 超スリム ふつうの日用 羽つき20.5cm 24コ入,304
150293,4901301291165,ニベアスキンミルクしっとり200G ボディ用乳液 超乾燥肌~乾燥肌,299
150311,4901301236753,アトリックスビューティーチャージ 無香料80G美容液ハンドクリーム・高浸透 ・保湿,282
150311,4901301008480, ニベアクリーム 大缶 169g,481
150311,4901301334893,アタック 抗菌EX スーパークリアジェル 洗濯洗剤 液体 詰め替え 大容量 1.6kg,468
150293,4902888729836,inバー プロテイン グラノーラ チョコアーモンド チョコ染み込むグラノーラ 高タンパク10g 糖質40%オフ プロテインの働き強めるEルチン配合,106
150293,4902888728440,inバー プロテイン ベイクドビター  BODY SUPPORT W 甘さ控えめ しっとり焼きチョコバータイプ 高タンパク15g,105
150311,4902102141208,カナダドライ ザ タンサン レモン 430mlPET,57
150293,4901609000926,排水溝 お風呂 浴室 洗面所 パイプユニッシュ 排水口・パイプクリーナー 濃縮液体タイプ コンパクト 400gお掃除用手袋つき,359
150293,4901340026445,カルピス 濃いめのカルピス 490ml,96
150311,4901670110197,旭化成 サランラップ 家庭用 サランラップ ２２ｃｍ×５０ｍ ,353
150311,4901670110388,旭化成ホームプロダク サランラップ ３０ｃｍ×５０ｍ,365
150293,4513574029606,麗白 ハトムギボディミルク４００ＭＬ,468
150311,4903335695254,ナチュリエ スキンコンディショナー(ハトムギの化粧水)500mL,589
150311,4901301391964,フレアフレグランス 柔軟剤 フラワー&ハーモニー 詰め替え 大容量 2000ml,1470
150293,4903333165988,ロッテ アーモンドチョコレート 86g,216
150311,4901301342287,アトリックスビューティーチャージはちみつ80g美容液ハンドクリーム・高浸透 ・保湿,369
150311,4901750412555,スコッティティシュー フラワーボックス 320枚（160組）5箱パック,338
150311,4902011887792,エリス 素肌のきもち 超スリム 羽つき (特に多い昼用) 17枚,209
150311,4901301262912,ロリエ しあわせ素肌 ふんわりタイプ 特に多い夜用 羽つき 40cm 7コ入,304
150293,4987240631422,龍角散 のどすっきり飴 カシス&ブルーベリー 75g,199
150293,4902983304037,播州屋 ごま一番ふりかけ130g ,472
150293,4902110340983,日清 中華街のから揚げ粉 香味しょうゆ味 100g,106
150311,4901872462087,洗顔専科 パーフェクトホイップ コラーゲンin 洗顔 濃密泡 120g,487
150293,4901626048000,三幸製菓 三幸の柿の種 梅ざらめ 131g,182
150293,4901005520820,江崎グリコ プリッツ熟トマト(9袋) 134g ,278
150293,4901005520813,江崎グリコ プリッツ旨サラダ(9袋) 143g ,251
150293,4902820212006,丸美屋食品工業 お赤飯の素 箱入 167g ,173
150293,4901830143195,モントワール 三立製菓 源氏パイチョコ 10枚,256
150311,885517941462,めぐりズム 蒸気でホットアイマスク 咲きたてローズの香り,391
150293,4902402652770,ハウス おろし生わさび 43g,124
150293,4901930086316,でん六 Eサイズプラス アーモンドフィッシュ 28g,127
150293,4901777317376,サントリー 伊右衛門 緑茶 525ml,79
150293,4901734025351,サッポロ一番 旅麺 札幌 味噌ラーメン 99g,108
150293,4901734025344,サッポロ一番 旅麺 会津・喜多方 醤油ラーメン 86g,110
150293,4901734030119,サッポロ一番 旅麺 横浜家系 豚骨醤油ラーメン 75g,110
150293,4901577073854,キユーピー ノンオイル青じそ 380ml,319
150293,4901351012376,カンロ 濃厚ほろにが塩キャラメルキャンディ 70g,189
150293,4901351012871,カンロ 金のミルクキャンディカフェラテ 70g,204
150293,4901330580810,カルビー ピザポテト 63g ,101
150311,4901525001953,カウブランド 無添加 泡の洗顔料 つめかえ用 180ml,414
150311,4902011880533,エリス 新・素肌感 羽つき 29cm (多い日の夜) 10枚,146
150311,4902011885545,エリス コンパクトガード 290 羽つき (多い夜用) 29cm 15枚,246
150311,4902011884685,エリス Megami 素肌のきもち スリム 羽なし 23cm (多い昼) 26枚入,212
150311,4902011712827,エリエール i:na（イーナ）ティシュー150組×5,73
150293,4901002171094,エスビー食品 紅しょうが 38g ,143
150293,4901002169749,エスビー食品 きざみレモン 38g ,122
150293,4901401109186,イタリア産 完熟 トマト缶 カットトマト,83
150293,4901340060234,アサヒ カルピスソーダ 至福の時間オレンジ 500ml,92
150311,4902111721224,Vaseline(ヴァセリン) オリジナル ピュアスキンジェリー 全身の保湿ケア用スキンバーム クリーム 80g ,360
150293,4901002066567,S&B ねりからし 43g,118
150311,4901301396839,【大容量】アタック ゼロ(ZERO) 洗濯洗剤(Laundry Detergent) 詰め替え 1800g (清潔実感! 洗うたび白さよみがえる),1430
150293,4562403552877,【切餅】 アイリスオーヤマ 低温製法米 生きりもち 切り餅 個包装 国産 1.8kg,826
150293,4562403559128,【切餅】 アイリスオーヤマ 低温製法米 ディズニー 生きりもち 個包装 250g,303
150311,4548514153240,【医薬部外品】バスクリン薬湯入浴剤 カラダめぐり浴600g(約30回分) 疲労回復,451
150311,4903111382576,ソフィ ボディフィット ふつうの日用 羽つき 21cm 22コ入(unicharm Sofy),900
150311,4902430521802,アリエール バイオサイエンス 部屋干し 洗濯洗剤 液体 抗菌&菌のエサまで除去 詰め替え 1000g,428
150311,4901301378422,ロリエ しあわせ素肌 ふんわりタイプ 特に多い昼用 羽つき 25cm 17コ入,304
150311,4903301292456,ソフラン アロマリッチ ベル(シャイニーシトラスアロマの香り) 柔軟剤 詰め替え 特大1200ml,550
150311,4903301292500,ソフラン アロマリッチ ダイアナ(フェミニンローズアロマの香り) 柔軟剤 詰め替え 特大1200ml,544
150311,4903301292487,ソフラン アロマリッチ スカーレット(ハッピーフルーティアロマの香り) 柔軟剤 詰め替え 特大1200ml,590
150311,4903335695254,ナチュリエ スキンコンディショナー(ハトムギ化粧水) 500ml,552
150293,4905009678907,アイリスオーヤマ カイロ 貼る レギュラー ぽかぽか家族,548
150293,4905009678938,アイリスオーヤマ カイロ 貼らない レギュラー ぽかぽか家族,183
150293,4902154026041,浪花屋 浪花屋の柿の種ピーナッツ入り 210g ,240
150293,4902154003073,浪花屋 元祖柿の種6袋パック 144g ,233
150293,4901001225125,味の素 鍋キューブ 鶏だし・うま塩 58g,300
150293,4901001589319,味の素 鍋キューブ ぽかぽか生姜 みそ鍋 パウチ,329
150293,4901001684830,味の素 鍋キューブ うま辛キムチ ,326
150293,4901001257973,味の素 ほんだし 300g,622
150293,4901001411986,味の素 コンソメ 顆粒 50g,151
150311,4548514157132,大人のバスクリン 高貴なホワイトラベンダーの香り 600g(約30回分) 浴用化粧料,451
150293,4901726014707,五木食品 熊本赤辛ラーメン 120g ,135
150293,4969418011038,久原醤油 あごだし入りうどんスープ 8g×5 ４袋セット,270
150293,4902388034201,永谷園 おとなのふりかけミニ その2 20食入,226
150311,4902430932196,レノア リセット 柔軟剤 衣類のダメージケア ヤマユリ&グリーンブーケ 詰め替え 480mL,445
150311,4902111759500,ラックスルミニーク  ハピネスブルーム シャンプー 詰替え用 350g ,303
150311,4902111759517,ラックス ルミニーク ハピネスブルーム トリートメント つめかえ用 350g,293
150293,4902110318609,マ・マー パスタキッチン ミートソース 140g,104
150293,4901360344642,ブルボン ロアンヌチョコクランチいちご ,648
150293,4901360330188,ブルボン ミニ濃厚チョコブラウニー 128g,400
150293,4901360344482,ブルボン アルミ羽衣あられ 47g,108
150311,4900480080591,ピクス マルチ重曹クリーナー(食器 鍋 浴槽 換気扇 レンジ キッチン)天然素材 2kg 大容量,564
150311,4901108012819,エバラ プチッと鍋 ちゃんこ鍋 (23g×6個) ,302
150311,4904766110309,ウタマロ 石けん 133g,147
150311,4904766130215,ウタマロ クリーナー 400ml 洗剤 住居用 アミノ酸系洗浄成分主配合 さわやかなグリーンハーブの香り,855
150293,4950511000258,あごだしスープ 10g×20袋 （20食分）五島 長崎名物 無添加 うどんスープ 万能,1180
150293,49567779,S&B 七味唐からし 15g,122
150293,4901616216266,Ora2(オーラツー) ミー ハブラシ スパイラルキャッチ [ ふつう ] ,167
150311,4901422152505,NEWクレラップ ミニ 22CM×50M ,293
150311,4902111768823,LUX(ラックス) ボディソープ ムスキーフローラル 詰替え用 300g繊細なムスキーフローラルの香り(香料配合),191
150311,4902111768830,LUX(ラックス) ボディソープ ホワイトガーデン 詰替え用 300g みずみずしいホワイトガーデンの香り(香料配合),191
150311,4901080577511,【医薬部外品】温泡(ONPO)入浴剤 とろり炭酸湯 ぜいたく華蜜 4種 [4種x3錠 12錠入り],329
150311,4901080585813,【医薬部外品】バスロマン プレミアム入浴剤 発汗保温浴 【香り】ホットハーブ 【お湯色】ホットオレンジ(透明) 600g,704
150311,4901301307231, ニベア クリームケア ボディウォッシュ ヨーロピアンホワイトソープの香り つめかえ用 360ml W濃厚保湿,227
150311,4901301233424,トイレクイックル トイレ用洗剤 詰替用 20枚,218
150311,4901750412555, スコッティ ティシュー フラワーボックス 320枚(160組) 5箱 ,300
150311,4901750404659, クリネックス ティシュー 5箱パック 360枚(180組) ,392
150293,4987240618607,龍角散 龍角散ののどすっきり飴袋 88g,234
150293,4902777004532,明治 アーモンドチョコ 88g,229
150293,4901001257997,味の素 ほんだし(箱) 600g,1482
150293,4901001114047,味の素 ピュアセレクトマヨネーズ 250g,270
150293,4972370211491,九鬼産業 九鬼 いりごま白 60g ,108
150293,4903333199310,ロッテ ガーナリップル 58g,162
150311,4903339772715,リンレイ ウルトラレモンクリーナー マルチクリーナー700ML シトラスレモンの香り,1091
150311,4901080505811,モンダミン センシティブ マウスウォッシュ [1080mL],614
150293,4902106650201,ミツカン プロが使う味 白だし 1L,390
150293,4582409175191,ポッカサッポロ ほおばる果実 つぶたっぷり贅沢みかん400g,138
150293,4523160475847,パールエース印 三温糖 1kg,218
150293,4904910074907,ダイドー リラックマの麦茶 600ml ,96
150293,4901777301115,サントリー なっちゃん ぶどう425m(冷凍兼用),109
150293,4901777301085,サントリー なっちゃん オレンジ425ml(冷凍兼用),98
150311,4903301176909,キレイキレイ 薬用泡ハンドソープ フローラルソープの香り 本体ポンプ 250mL,256
150293,4901372100595,キーコーヒー グランドテイスト コク深いリッチブレンド 330g,428
150293,4901306060506,カゴメ 濃厚リコピン トマトケチャップ 300g,234
150311,4903339711615,ウルトラハードクリーナー 油汚れ用,1003
150293,4970168110018,あらしお 1kg,274
150293,4901002139261,S&B 本生 生からし 310g,594
150311,4971710314168,KOSE コーセー ソフティモ メイク落としシート(C) b (コラーゲン) 52枚入 (172ml),500
150311,787302842063,KOSE コーセー ソフティモ メイク落としシート (H) b (ヒアルロン酸) 52枚入 (172ml),500
150311,8100000006605,KOSE コーセー クリアターン 肌ふっくら マスク 50枚 おまけ付 フェイスマスク,841
150311,4903301291305,hadakara(ハダカラ) ボディソープ リッチソープの香り つめかえ用大型サイズ 800ml ,721
150293,4901111054035,AGF ブレンディ スティック カフェオレ 30本 【 スティックコーヒー 】,436
150311,4901301289605,【花王】ワイドハイターＥＸパワー つめかえ用 ４８０ｍｌ ,316
150311,4901080577610,【医薬部外品】温泡(ONPO)入浴剤 とろり炭酸湯 ぜいたく柑橘柚子 4種 [4種x3錠 12錠入り],343
150311,4901080577412,【医薬部外品】温泡(ONPO)入浴剤 とろり炭酸湯 ぜいたくひのき浴 4種 [4種x3錠 12錠入り],329
150311,4902430831994,ジョイ ジェルタブ 食洗機用洗剤 38個,582
150311,4901301396648,アタック ZERO(ゼロ) 洗濯洗剤 液体 詰め替え 900g (衣類よみがえる「ゼロ洗浄」へ),550
150311,4901750413125, スコッティ ティシュー 320枚(160組) 5箱 スヌーピー ,411
150311,4902899001150,【エステー】貼らないカイロ オンパックス ミニ,281
150311,4901301377425,フレアフレグランス 柔軟剤 ベルベット&フラワー 詰め替え 大容量 1000ml,890
150311,4901301377456,フレアフレグランス 柔軟剤 ジェントル&ブーケ 詰め替え 大容量 1000ml,699
150311,4901301396648,花王 アタックゼロ つめかえ用 (900g)詰め替え用 アタックZERO 洗たく用洗剤 液体洗剤,817
150311,4903111382712,ソフィ ボディフィット スーパーナイトガード 夜用 羽なし 29cm 10コ入(unicharm Sofy),300
150293,4902105244838,日清 カップヌードル 味噌 83g ,144
150293,4901335115628,湖池屋 ポテトチップス うすしお味 60g,107
150293,4901085622568,伊藤園 おーいお茶 玄米茶 炒りたての香り 525ml ,59
150311,4903301142676,ビトイーンライオン ハブラシ レギュラー ふつう,101
150293,4902102123723,コカ・コーラ 爽健美茶 600mlPET,59
150293,4901330573485,カルビー じゃがりこ チーズ 58g ,100
150293,4901330122843,カルビー サッポロポテト バーベQあじ 80g ,102
150311,4901301334893,アタック 抗菌EX スーパークリアジェル 洗濯洗剤 液体 詰め替え 1.6Kg,304
150311,795864727537, ロリエ スリムガード しっかり昼用羽つき 20.5cm 28コ入 ,207
150293,4902102134217,CCL 綾鷹 茶葉のあまみ ペットボトル 2LPET,130
150293,4901001114030,味の素 ピュアセレクトマヨネーズ 400g,211
150293,4901001179442,味の素 クノール スープ DELI エビのトマトクリームスープパスタ 41.2g×6個 (カップスープ スープ パスタ 食品 まとめ買い),125
150293,4902110369168,日清 たこ焼粉 500g,316
150293,4902110369106,日清 お好み焼粉 500g,400
150311,4901696539019,ロゼット スゴオフ クレンジングクリーム 200g ,586
150311,4901696538357,ロゼット スゴオフ クレンジングオイル 200ml (メイク落とし) 毛穴 (美容オイル配合),581
150311,4903111360987,ソフィ 超熟睡ガード 420 10枚(くるっとテープつき)〔生理用ナプキン 夜用〕,329
150293,4514603401219,アサヒ 十六茶 お茶 630ml ,83
150311,4987241105106,メンソレータム 薬用リップスティック XD2個組 ,280
150311,8806173420377,【正規品】ネイチャーリパブリック NATURE REPUBLIC アロエ スーディング ジェル 92％ アロエベラ 公式,478
150311,4901750403706,クリネックス ティシュー アクアヴェール 360枚(180組) 5箱,510
150311,4901301384621,花王 (kao) めぐりズム 蒸気でホットアイマスク 森林浴の香り ［12枚入］,833
150293,4902102146081,コカ・コーラ ファンタ 白桃 410mlPET,107
150293,4902102076579,コカ・コーラ ファンタ グレープ 500mlPET,87
150293,4902102076395,コカ・コーラ ファンタ オレンジ 500mlPET,90
150293,4901330574369,カルビー じゃがりこサラダLサイズ 72g,135
150293,4901330573492,カルビー じゃがりこ じゃがバター 58g ,99
150293,4902201411110,ネスカフェ エクセラ ボトルコーヒー 無糖 900ml ,95
150293,4902201415040,ネスカフェ エクセラ ボトルコーヒー 甘さひかえめ 900ml ,95
150293,4987240631415,龍角散ののどすっきり飴 100g,269
150293,4987240631415,龍角散ののどすっきり飴 100g ,280
150293,4987035092216,大塚製薬 カロリーメイト ブロック チョコレート 4本,166
150293,4987306055308,大正製薬 ヴイックスのど飴 シトラスミックス 70g,236
150293,4902888248016,森永製菓 ハイチュウプレミアム 白桃 35g ,108
150293,4902888116155,森永製菓 ハイチュウアソート 94g,178
150293,4901313937914,亀田製菓 つまみ種 44g,80
150293,4901351036525,カンロ 健康梅のど飴 90g,180
150293,4901330646134,カルビー Jagabee うすしお味 たっぷりパック 90g,235
150293,4897036690017,アサヒ飲料 モンスター エナジー 355ml,178
150293,4946842528899,アサヒグループ食品 声のプロ公認うるおいはちみつのど飴 72g,185
150311,4901301378439,ロリエ しあわせ素肌 ふんわりタイプ 多い昼用 羽つき 22.5cm 20コ入,304
150311,4902011880939,エリス 新・素肌感 羽なし 20.5cm (ふつう~多い日の昼) 28枚,162
150293,4901340055445,アサヒ飲料 Welch's ぶどう1房分のポリフェノール 470ml ,75
150293,4902102142830,CCL い・ろ・は・すラベルレス 2LPET,106
150293,4901330122836,カルビー サッポロポテト つぶつぶベジタブル 80g ,108
150311,4987176073525,除菌ジョイ コンパクト スパークリングレモンの香り 詰め替え 超特大 ジャンボサイズ 約10倍 (1330mL),640
150293,4960873070943,【精米】 580.com 会津産 無洗米 コシヒカリ 5kg 令和3年産,1949
150293,4901001661015,味の素 ピュアセレクト マヨネーズ 新鮮キープボトル 200g,303
150293,4960873074248,【精米】 福島県産 無洗米 天のつぶ 5kg 令和3年産,1410
150293,4901330512408,カルビー ポテトチップス ビッグバック のりしお 170g ,256
150293,4901330580742,カルビー ピザポテト BIG 145g ,294
150293,4902590141704,味の素 さらさら キャノーラ油 350g ,275
150311,4901121178523,ネピア プレミアムソフト ティシュ 360枚(180組)×5個パック,379
150293,4901340061842,アサヒ Welch's 2種のまる搾り果実のポリフェノール 470ml,95
150293,4901330561185,カルビー 業務用ポテトチップス うすしお味 200g,298
150311,4901301288516,キュキュット 食器用洗剤 マスカットの香り 詰め替え 770ml ,330
150293,4903333247219,ロッテ ゼロ シュガーフリーチョコレートクリスプ 28g,178
150293,4541743500557,【訳あり(賞味期限2022年1月15日)】沖縄ボトラーズパイン 果汁10％ PET 500ml,141
150293,4901330200510,カルビー ベジたべる あっさりサラダ味 55g,107
150293,4512041002487,【新米】【精米】低温製法米 無洗米 宮城県産 ひとめぼれ 5kg 令和3年産,1875
150311,4901301379245,バスマジックリン 風呂洗剤 泡立ちスプレー SUPERCLEAN アロマローズの香り 詰め替え 大容量 820ml,264
150311,4902430470438,アリエール バイオサイエンス 洗浄力の限界突破 洗濯洗剤 液体 詰め替え 超ジャンボ 1520g (約2.2倍) クリアグリーン,571
150311,4902111742441,【大容量】 Dove ダヴ ダメージケア シャンプー つめかえ用 1kg,557
150293,4901335508819,湖池屋 スコーンやみつきバーベキュー 75g ,102
150311,4901301396051,デカラクサイズ アタック ゼロ(ZERO)洗濯洗剤 ドラム式専用 くすみ・黒ずみを防ぐ 超特大 詰め替え 2380g 清潔実感! 洗うたび白さよみがえる,1164
150293,4901330502911,カルビー ポテトチップス うすしお味 BIGBAG 170g,256
150293,4902179019141, SHINE LIFE 伊賀の天然水強炭酸水 500ml,72
150311,4901301378439,ロリエ しあわせ素肌 超スリム 多い昼用 羽つき22.5cm 20コ入,304
150311,4901301392688,花王 バスマジックリン除菌消臭プラス 詰替３３０ｍl,830
150311,4901301361707,花王 ニベア エンジェルスキン ボディウォッシュ サボン&ブーケの香り 本体 480ml ,706
150311,4901301395849,花王 エッセンシャル ザビューティ 髪のキメ美容シャンプー モイストリペア 本体 500ml ダメージ補修 ヘアケア 保湿,382
150311,4903301256380,ライオン ルック バスタブクレンジングクリアシトラス本体,563
150311,4987107622532,ミノン 薬用保湿入浴剤 480mL [医薬部外品],1408
150311,4901301351395,バブ 入浴剤・バスケア 72個,2659
150293,4902111362120,ドメスト 除菌クリーナー 次亜塩素酸配合 500ml,200
150311,4902111740812,ダヴ ボディウォッシュ スプラッシュ ポンプ 500G,677
150311,4901301760272,エモリカ 薬用スキンケア入浴液 フローラルの香り 本体 450ml 液体 入浴剤 (赤ちゃんにも使えます),661
150311,9322662035901,エプソム ＆ ヒマラヤヤン バスソルト,1600
150311,4901301395856,エッセンシャル 花王 ザビューティ 髪のキメ美容コンディショナー モイストリペア 500ml ダメージ補修 ヘアケア 保湿 ブラック フローラル,382
150311,4901301395900,花王 ザビューティ 髪のキメ美容シャンプー エアリーリペア 詰替え用 340ml ダメージ補修 ヘアケア さらさら ブラック フローラル,347
150311,4901301395917,花王 ザビューティ 髪のキメ美容コンディショナー モイストリペア 詰替え用 340ml ダメージ補修 ヘアケア 保湿 ブラック フローラル,347
150311,4901301395917,花王 ザビューティ 髪のキメ美容コンディショナー エアリーリペア 詰替え用 340mlダメージ補修 ヘアケア さらさら ブラック フローラル,347
150311,4902111762845,LUX(ラックス) ラックスルミニーク ボタニカルピュア トリートメント つめかえ用 1kg ホワイト,719
150311,4902111762838,LUX(ラックス) ラックスルミニーク ボタニカルピュア シャンプー つめかえ用 1kg ホワイト ,666
150311,4902111762814,LUX(ラックス) ラックスルミニーク ダメージリペア シャンプー つめかえ用 1kg レッド ,719
150311,4902111760100,LUX(ラックス) ラックス ルミニーク ボタニカルピュア マスク 170g トリートメント,700
150311,4902111759593,LUX(ラックス) ラックス ルミニーク ボタニカルピュア トリートメント ポンプ 450g ,474
150311,4902111759586,LUX(ラックス) ラックス ルミニーク ボタニカルピュア シャンプー ポンプ 450g ,474
150311,4902111760094,LUX(ラックス) ラックス ルミニーク ダメージリペア マスク 170g ,479
150311,4902111759395,LUX(ラックス) ラックス ルミニーク ダメージリペア トリートメント ポンプ 450g,677
150311,4902111759388,LUX(ラックス) ラックス ルミニーク ダメージリペア シャンプー ポンプ 450g,677
150311,4903301254720,hadakara(ハダカラ) ボディソープ サラサラfeelタイプ グリーンシトラスの香り 本体 480ml,398
150311,4903301321217,hadakara(ハダカラ) ボディソープ サラサラfeelタイプ グリーンシトラスの香り 詰替え用 750ml,503
150311,4903301329732,hadakara(ハダカラ) ボディソープ オイルインタイプ ピュアローズの香り 詰替え用 大型サイズ750ml,731
150311,4903301311843,hadakara(ハダカラ) ボディソープ オイルインタイプ 480ml,398
150311,4902111740737,Dove(ダヴ) ボディウォッシュ プレミアム モイスチャーケア ポンプ 500g ボディーソープ ,468
150311,4902111752358,Dove(ダヴ) ダヴ ボディウォッシュ コンフォート ポンプ 500g  ボディソープ ほんのり香る、みずみずしいフローラルの香り,490
150311,4902111740799,Dove ダヴ ボディウォッシュ プラム & サクラ ポンプ 500g,1280
150311,4901301370358,【大容量】 バブ 6つの香りお楽しみBOX 48錠 炭酸 入浴剤 詰め合わせ [医薬部外品],1197
150311,4901080579713,【医薬部外品】バスロマン 入浴剤 リラックスラベンダーの香り [600g],451
150311,4901080579515,【医薬部外品】バスロマン 入浴剤 にごり浴 柑橘の香り [600g],451
150311,4901080580115,【医薬部外品】バスロマン 入浴剤 スキンケア シアバタ―&ヒアルロン酸 [600g],451
150311,4901080579812,【医薬部外品】バスロマン 入浴剤 スキンケア Wコラーゲン [600g],451
150311,4901301395887,花王 エッセンシャル ザビューティ 髪のキメ美容シャンプー モイストリペア 詰替え用 （340ml） ダメージ補修 ヘアケア 保湿,347
150311,4901301392923,バスマジックリン 風呂洗剤 泡立ちスプレー SUPERCLEAN アロマローズの香り 詰め替え 大容量 1300ml,413
150311,4901301307255, ニベア クリームケア ボディウォッシュ フレンチガーデンローズの香り つめかえ用 360ml W濃厚保湿,213
150311,4903301291305,【大容量】hadakara(ハダカラ) ボディソープ リッチソープの香り つめかえ用大型サイズ 800ml ,504
150311,4903301291299,【大容量】hadakara(ハダカラ) ボディソープ フレッシュフローラルの香り つめかえ用大型サイズ 800ml,504
150311,4903301302674,【大容量】 バスタブクレンジング お風呂用洗剤 銀イオンプラス つめかえ用大サイズ 800ml,240
150311,4903301282082,【大容量】 バスタブクレンジング お風呂用洗剤 詰め替え 大サイズ フローラルソープの香り 800ml,201
150311,4903301282075,【大容量】 バスタブクレンジング お風呂用洗剤 詰め替え 大サイズ クリアシトラスの香り 800ml,201
150311,4902111765228,Dove(ダヴ) 【大容量】ボディソープ プレミアム モイスチャーケア 詰替え用 2800g,1435
150311,4987176021953,[大容量] パンテーン ミラクルズ クリスタルスムース うねり改善 ツヤツヤまとまる ノンシリコン シャンプー 詰替え 特大 880mL,1317
150311,4548514144170, ここちバス 日本の名湯 【医薬部外品】温泉17種 アソート 個包装 入浴剤 セット 30g×56包,1933
150311,4901301347695,花王 バスマジックリンSUPERCLEAN 本体 380mL,706
150311,4903111364275,ソフィ はだおもい 260 特に多い日の昼長時間用 羽つき 16コ入,325
150311,4903111382576,ソフィ ボディフィット ふつうの日用 羽つき 21cm 22コ入(unicharm Sofy),131
150293,4902105003381,日清食品 カップヌードルカレー ビッグ 120g,205
150293,4902105003374,日清食品 カップヌードル ビッグ 101g,210
150293,4901150112161,大塚食品 ボンカレーゴールド 【中辛】 180g,142
150293,4901150112253,大塚食品 ボンカレーゴールド 【辛口】 180g,139
150293,4901150112062,大塚食品 ボンカレーゴールド 【甘口】 180g,142
150293,4514603328318,アサヒ飲料 バヤリースアップル 1500ml,158
150293,4514603243017,アサヒ飲料 バヤリース オレンジ 1.5L ,194
150311,4901301265005,ロリエ しあわせ素肌 ふんわりタイプ 特に多い昼用 羽つき 25cm 18コ入 ,993
150293,49698626,日清食品 カップヌードル 78g,140
150293,4901330910549,カルビー 堅あげポテト うすしお味 65g,101
150311,4901301288417,花王 食器用洗剤 キュキュット 本体 240ml オレンジ,145
150311,4901301254283,ロリエ スリムガード 長時間しっかり昼用羽つき 25cm 19コ入 ,213
150311,4901301264992, ロリエ スリムガード しっかり夜用羽つき 35cm 13コ入 ,238
150311,4513574025875,麗白 ハトムギ化粧水 本体 大容量サイズ 1000ml,547
150311,4956810213795,小久保 洗顔ネット 手軽にクリーミーに泡立つ ホイッパーミニ ,105
150293,4901005517455,江崎グリコ ジャイアントカプリコ(いちご) チョコレート菓子 おやつ,97
150293,4901085049716,伊藤園 1日分の野菜 缶 190g,70
150311,4901301350008,ロリエ しあわせ素肌 ふんわりタイプ 特に多い夜用 羽つき 35cm 8コ入,304
150293,4901360319794,ブルボン チョコあーんぱん 44g,99
150293,4901360317097,ブルボン オリジナルミックスFS (9種類×計17個入り 1袋),321
150311,4901301729279,ビオレ メイク落とし ふくだけコットン 本体 46枚入,563
150311,4901121181431,ネピア ネピネピティシュ (300枚150組)×5コパック,54
150311,4903111312993,センターイン コンパクト1/2 スイ-ト 多い夜用 羽つき 12枚〔生理用ナプキン スリム〕,277
150311,4901750417352,スコッティ ティシュー 得用400枚！ 200組*5箱,204
150293,4930726000540,キッコーマン 特濃調製豆乳 1000ml【特定保健用食品】,191
150311,4901301395863,エッセンシャル 花王 ザビューティ 髪のキメ美容コンディショナー エアリーリペア 本体 500ml ダメージ補修 ヘアケア さらさら ブラック フローラル,880
150311,4902111768809,LUX(ラックス) ボディソープ ソフトローズ 詰替え用 300g ボディーソープ 優しいソフトローズの香り(香料配合),273
150311,4903301239024,hadakara(ハダカラ) ボディソープ リッチソープの香り 本体 500ml,398
150311,4903301311898,hadakara(ハダカラ) ボディソープ オイルインタイプ 詰替え用 340ml,353
150311,4987241148370,【医薬部外品】メンソレータム ディープモイスト リップスティック 無香料 4.5g,336
150311,4901301374196,ビオレ おうちdeエステ 洗顔ジェル やわらか 240g 気分がほぐされるリラックスアロマの香り (通常サイズの1.6倍),1056
150311,4902806433616,Bifesta(ビフェスタ) クレンジングシート エンリッチ メイク落としシート セット 46シート,465
150293,4902402858912,ハウス 北海道シチュークリーム 180g,217
150293,4902402853887,ハウス バーモントカレー 中辛 230g,228
150311,4901121273273,ネピア プレミアムソフト トイレットロール 癒しのアロマ 2枚重ね25m×12ロール ダブル フレッシュパルプ100% ボタニカルブーケの香り,491
150311,490112126226, ネピア ロング トイレットロール 8ロール ダブル 桜 (2枚重ね 45m巻) 桜の香り(桜色) ,537
150311,4975296127440,太洋紙業 トイレットペーパー シングル 芯あり 120m  6ロール 再生紙100%,620
150311,4901301336453,ロリエ スリムガード 特に多い夜用 羽つき 40cm 11個入 [医薬部外品],307
150293,4897036691144,モンスターエナジー ロッシ 355ml,205
150293,4902930040001,ばら印の白砂糖 大日本明治製糖 1kg,1375
150311,4901301358684,バブ メディキュア 柑橘の香り 6錠入 高濃度 炭酸 温泉成分 (泡の数バブの10倍),589
150311,4901301348715,バブ メディキュア 温もりナイト 6錠入 高濃度 炭酸 温泉成分 冷え症に (泡の数バブの10倍),589
150311,4901121202570,ネピア ロング トイレットロール 8ロール シングル (90m巻) 無香料,488
150311,4901121267616,ネピア ネピネピトイレットロール１２ロールダブル ,879
150311,4903111117710,ソフィ ボディフイット 軽やかスリム 羽なし 38P(長さ：17.5cm),1300
150293,4902102139328,コカ・コーラ ジョージア 香るブラック 260mlボトル缶 ,78
150311,4901301345844,キュキュット クリア泡スプレー 本体 無香性 300ml,252
150311,4902011880502,エリス 新・素肌感（ふつう～多い日の昼用） 羽つき,299
150311,4902011880540,エリス 新・素肌感 羽つき 29cm (多い日の夜) 10枚,501
150311,4902011705300,エリエール パフィー トイレットペーパー 長さが3倍 75m×8ロール ダブル,598
150311,4902011724028,エリエール キッチンペーパー 超吸収 キッチンタオル 70カット×4ロール パルプ100% 1.4倍巻き,194
150293,4897036692233,アサヒ飲料 モンスターエナジー パイプラインパンチ 355ml,163
150293,4897036690055,アサヒ飲料 モンスターエナジー ゼロシュガー 355ml,178
150293,4897036690888,アサヒ飲料 モンスターウルトラ缶 355ml,176
150293,4897036691083,アサヒ飲料 モンスター カオス 355ml,178
150293,4897036692707,アサヒ飲料 モンスター ウルトラパラダイス 355ml ,180
150293,4514603403817,アサヒ 三ツ矢 特濃オレンジスカッシュ 500ml ,78
150293,4901777347663,ZONe Ver.2.0.0 エナジードリンク 500ml ,187
150311,4901422153502,NEWクレラップ レギュラー 30CM×50M,418
150311,4901301373076,【大容量】 バブ メディキュア 15錠入 高濃度 炭酸 温泉成分 (泡の数バブの10倍) [医薬部外品] 入浴剤 15個,1212
150311,4901301288622,ワイドハイターEXパワー 大 詰替え用 880ml,256
150311,4901301392695,バスマジックリン 除菌・抗菌 アルコール成分プラス 大容量 特大サイズ詰め替え820ml これ1本で、汚れ・菌・ウイルスまで除去,264
150311,4901121181431,ネピア ネピネピティシュ (300枚150組)×5コパック,366
150311,4901301334206,トイレマジックリン トイレ用洗剤 消臭・洗浄スプレー ミントの香り 詰替用 330ml,141
150311,4901301233424,トイレクイックル つめかえ用 大容量 20枚入 99%除菌 24時間抗菌,215
150311,4902430799324,ジョイ ボタニカル 食器用洗剤 ベルガモット&ティーツリー 本体 190mL,320
150311,4901670110197,サランラップ 22cm×50m ,477
150311,4901301334091,クリアクリーン ネクスデント ピュアミント 120g,202
150311,4901301254269, ロリエ スリムガード 軽い日用羽なし 17cm 38コ入 ,238
150311,4901301391940,フレアフレグランス 柔軟剤 フローラル&スウィート 詰め替え 大容量 2000ml  大容量,665
150311,4901121202570, ネピア ロング トイレットロール 8ロール シングル (90m巻) 無香料,520
150311,4901750137106, スコッティ フラワーパック 2倍巻き(6ロールで12ロール分) トイレット 100mシングル ,374
150311,4901750282707, クリネックス 1.5倍巻き コンパクト トイレット8ロール 45mダブル ,587
150311,4902011732290,エリエール 除菌できるウェットタオル 食卓テーブル用 70枚,557
150311,4901301379238,バスマジックリン 風呂洗剤 泡立ちスプレー SUPERCLEAN グリーンハーブの香り 詰め替え 大容量 820ml,264
150311,4901301312761,バブ ナイトアロマ 12錠(4種×3),649
150293,4902777062686,明治 プッカいちご 39g ,98
150293,4902777008400,明治 ガルボつぶ練り苺パウチ 65g,195
150293,4901001298884,味の素 ほんだし 焼きあごだし 8gスティック7本入,257
150293,4901001003570,味の素 コンソメ 固形 21個入,290
150293,4936790502805,富永貿易 TOMINAGA さば みそ煮 缶詰 [ 国内水揚げさば 国内加工 化学調味料不使用 ] 150g,168
150293,4902110314793,日清水溶きいらずのとろみ上手 100g,265
150293,49698633,日清食品 カップヌードル シーフードヌードル 75g,139
150293,4902110320572,日清 クッキングフラワー 150g,235
150293,4987306055919,大正製薬 ヴイックスのど飴 2種のグレープアソート 70g ,227
150293,4519831825004,星野物産 新・信州田舎そば小諸七兵衛 340g,313
150311,4901039491004,神明産業 北海道産 黒豆 250ｇ,244
150293,49811117,森永製菓 ケーキシロップ <メープルタイプ> 200g,245
150293,4901005520806,江崎グリコ プリッツ<おさつ> 62g ,105
150293,4901005520790,江崎グリコ プリッツ(熟トマト) 60g ,108
150293,4901005520776,江崎グリコ プリッツ(旨サラダ) 69g ,105
150293,4901005511163,江崎グリコ つぶつぶいちごポッキー 2袋 ,127
150293,4901006371384,井村屋 井村屋お餅付きぜんざい 180g ,238
150293,4901006310680,井村屋 EO-Ｔ２ゆであずき 200g ,206
150293,4903333066308,ロッテ パイの実 73g,158
150293,4903333011988,ロッテ いちごつみ 3本,52
150293,4902106798484,ミツカン マインズ(毎飲酢)黒酢ドリンク 1000ml,485
150293,4902106798620,ミツカン ブルーベリー黒酢 カロリーゼロ 1000ml,298
150311,4901301388117,ビオレ クリアふきとりシート 20枚入り メイク落としシート [液たっぷりの大判シート][オイルフリー] クレンジング ,497
150293,4902402848357,ハウス食品 こくまろカレー 中辛 140g,170
150293,4902402858929,ハウス 北海道シチューコーンクリーム 180g,217
150311,4902201174589,ネスレ日本 キットカット ミニ オトナの甘さ ストロベリー 12枚,387
150293,4904910074877,ダイドー リラックマのほうじ茶 500ml ,93
150293,4973360300805,サトウの切り餅徳用杵つきもち800ｇ,778
150293,4901990325547,ごつ盛り ワンタン醤油ラーメン 117g,105
150293,4901351013397,カンロ 金のミルクキャンディ 80g,180
150293,4970068400028,おびなた そば屋のそばつゆ 400ml,558
150311,4582107955606,オキシクリーン 500g,496
150293,4901133260261,いなば 食塩無添加コーン 200g,114
150293,4897036692233,アサヒ飲料 モンスター パイプラインパンチ 355ml ,178
150293,4897036691960,アサヒ飲料 モンスター キューバリブレ 355ml,172
150293,4897036690017,アサヒ モンスターエナジー 355ml ,167
150293,78895146417,S&B 李錦記 豆板醤(チューブ入り) 85g,229
150293,78895146370,S&B 李錦記 オイスターソース(チューブ入り) 95g,264
150293,4901002772802,S&B 味付け塩こしょう 250g,224
150311,4971710319385,KOSE コーセー クリアターン エッセンスマスク (ヒアルロン酸) フェイスマスク 30シート,924
150311,4971710319361,KOSE クリアターン エッセンスマスク (ビタミンC) 30回フェイスマスク (医薬部外品),795
150293,4582556450400,CJ ダシダ 牛肉だしの素(8g×12本),335
150311,4903301307884,香りつづくトップ スウィートハーモニー 蛍光剤無配合 柔軟剤入り洗濯洗剤 液体 詰め替え 720g,445
150311,4901301282750,ロリエ しあわせ素肌 超スリム 特に多い昼用 羽つき25cm 17コ入,304
